<?xml version="1.0" encoding="utf-8"?>
<odoo>
    <record id="paperformat_sales_receipt" model="report.paperformat">
        <field name="name">A5 Landscape Sales Receipt</field>
        <field name="default" eval="True"/>
        <field name="format">A5</field>
        <field name="page_height">0</field>
        <field name="page_width">0</field>
        <field name="orientation">Landscape</field>
        <field name="margin_top">3</field>
        <field name="margin_bottom">3</field>
        <field name="margin_left">3</field>
        <field name="margin_right">3</field>
        <field name="header_line" eval="False"/>
        <field name="header_spacing">0</field>
        <field name="dpi">90</field>
    </record>
</odoo> 