<?xml version="1.0" encoding="utf-8"?>
<odoo>
    <data noupdate="0">
        <!-- Record Rule -->
        <record id="account_move_debit_credit_comp_rule" model="ir.rule">
            <field name="name">Account Move Debit Credit multi-company</field>
            <field name="model_id" ref="model_account_move_debit_credit"/>
            <field name="global" eval="True"/>
            <field name="domain_force">['|',('company_id','=',False),('company_id', 'in', company_ids)]</field>
        </record>
    </data>
</odoo> 