id,name,model_id:id,group_id:id,perm_read,perm_write,perm_create,perm_unlink
access_custom_account_move_user,custom_account_move_user,account.model_account_move,base.group_user,1,0,0,0
access_custom_account_move_accountant,custom_account_move_accountant,account.model_account_move,account.group_account_user,1,1,1,0
access_custom_account_move_manager,custom_account_move_manager,account.model_account_move,account.group_account_manager,1,1,1,1
access_custom_account_move_line_user,custom_account_move_line_user,account.model_account_move_line,base.group_user,1,0,0,0
access_custom_account_move_line_accountant,custom_account_move_line_accountant,account.model_account_move_line,account.group_account_user,1,1,1,0
access_custom_account_move_line_manager,custom_account_move_line_manager,account.model_account_move_line,account.group_account_manager,1,1,1,1