<?xml version="1.0" encoding="utf-8"?>
<odoo>
    <data>
        <record id="paperformat_sales_receipt" model="report.paperformat">
            <field name="name">Sales Receipt Format</field>
            <field name="default" eval="False"/>
            <field name="format">A5</field>
            <field name="orientation">Landscape</field>
            <field name="margin_top">15</field>
            <field name="margin_bottom">10</field>
            <field name="margin_left">7</field>
            <field name="margin_right">7</field>
            <field name="header_line" eval="False"/>
            <field name="header_spacing">10</field>
            <field name="dpi">90</field>
        </record>
    </data>
</odoo>
