<?xml version="1.0" encoding="utf-8"?>
<odoo>
    <data>
        <record id="paperformat_custom_landscape_a5" model="report.paperformat">
            <field name="name">Custom Landscape A5</field>
            <field name="default" eval="True"/>
            <field name="format">A5</field>
            <field name="page_height">0</field>
            <field name="page_width">0</field>
            <field name="orientation">Landscape</field>
            <field name="margin_top">5</field>
            <field name="margin_bottom">5</field>
            <field name="margin_left">5</field>
            <field name="margin_right">5</field>
            <field name="header_line" eval="False"/>
            <field name="header_spacing">0</field>
            <field name="dpi">90</field>
        </record>
    </data>
</odoo>
